{
    "root_group": {
        "id": "d41d8cd98f00b204e9800998ecf8427e",
        "groups": {},
        "checks": {},
        "name": "",
        "path": ""
    },
    "metrics": {
        "endpoint_products_duration": {
            "med": 66.72744850000001,
            "p(90)": 428.6624483,
            "p(95)": 448.3811726,
            "p(99)": 464.0031163600001,
            "max": 490.895699,
            "avg": 140.0794284919945,
            "min": 0.032502
        },
        "endpoint_suppliers_duration": {
            "p(95)": 447.1473646,
            "p(99)": 463.41775876,
            "max": 486.922105,
            "avg": 137.71393922967124,
            "min": 0.025215,
            "med": 66.083433,
            "p(90)": 426.5146214
        },
        "vus": {
            "value": 6,
            "min": 6,
            "max": 3000
        },
        "data_sent": {
            "count": 218487928,
            "rate": 695250.5073898217
        },
        "http_req_blocked": {
            "min": 0.000877,
            "med": 0.003812,
            "p(90)": 0.004906,
            "p(95)": 0.005496,
            "p(99)": 0.03569484000000008,
            "max": 88.636071,
            "avg": 0.008209445177312376
        },
        "data_received": {
            "count": 2441286882,
            "rate": 7768419.78836751
        },
        "endpoint_order_with_details_and_products_duration": {
            "med": 66.43414250000001,
            "p(90)": 428.0370593,
            "p(95)": 447.51347735,
            "p(99)": 463.8142838899999,
            "max": 523.49441,
            "avg": 139.52442414530603,
            "min": -822.988739
        },
        "endpoint_customers_duration": {
            "avg": 143.801738182203,
            "min": 0.041209,
            "med": 69.087275,
            "p(90)": 434.413704,
            "p(95)": 449.7466865,
            "p(99)": 465.243691,
            "max": 506.47583
        },
        "iterations": {
            "count": 1798717,
            "rate": 5723.697955983627
        },
        "http_req_duration{expected_response:true}": {
            "med": 66.48377,
            "p(90)": 428.19138620000007,
            "p(95)": 447.4444894,
            "p(99)": 463.7450872,
            "max": 524.895062,
            "avg": 139.60941194861655,
            "min": -1555.722025
        },
        "vus_max": {
            "value": 3000,
            "min": 3000,
            "max": 3000
        },
        "endpoint_order_with_details_duration": {
            "med": 66.38078949999999,
            "p(90)": 428.10498900000005,
            "p(95)": 447.359749,
            "p(99)": 463.7174297000001,
            "max": 524.895062,
            "avg": 139.4106825357845,
            "min": -674.265983
        },
        "http_req_receiving": {
            "med": 0.029041,
            "p(90)": 0.124707,
            "p(95)": 0.2328413999999999,
            "p(99)": 0.6658844800000019,
            "max": 68.818197,
            "avg": 0.07061026285513435,
            "min": -1557.044609
        },
        "endpoint_orders_with_details_duration": {
            "min": -1487.92004,
            "med": 68.741978,
            "p(90)": 428.3902774,
            "p(95)": 449.6189652999999,
            "p(99)": 465.73186549999997,
            "max": 492.151336,
            "avg": 140.72609855936744
        },
        "http_req_duration": {
            "med": 66.48377,
            "p(90)": 428.19138620000007,
            "p(95)": 447.4444894,
            "p(99)": 463.7450872,
            "max": 524.895062,
            "avg": 139.60941194861655,
            "min": -1555.722025
        },
        "endpoint_employee_with_recipient_duration": {
            "min": 0.023084,
            "med": 66.16112749999999,
            "p(90)": 429.4577745,
            "p(95)": 447.38855325,
            "p(99)": 463.8055832,
            "max": 493.896155,
            "avg": 139.9471155810547
        },
        "http_req_waiting": {
            "avg": 139.51966228258453,
            "min": 0,
            "med": 66.379655,
            "p(90)": 428.0709182000002,
            "p(95)": 447.3334752,
            "p(99)": 463.62026784,
            "max": 507.588347
        },
        "http_reqs": {
            "count": 1798717,
            "rate": 5723.697955983627
        },
        "endpoint_supplier_by_id_duration": {
            "p(90)": 427.7031673,
            "p(95)": 447.0331373,
            "p(99)": 463.32334213999997,
            "max": 520.983849,
            "avg": 139.16472696011002,
            "min": -1402.92661,
            "med": 66.0890105
        },
        "http_req_tls_handshaking": {
            "p(99)": 0,
            "max": 0,
            "avg": 0,
            "min": 0,
            "med": 0,
            "p(90)": 0,
            "p(95)": 0
        },
        "endpoint_customer_by_id_duration": {
            "max": 490.554027,
            "avg": 140.17456346018784,
            "min": 0.018574,
            "med": 66.588469,
            "p(90)": 428.5860956,
            "p(95)": 447.1922899,
            "p(99)": 463.57477618
        },
        "endpoint_employees_duration": {
            "p(99)": 462.99187564,
            "max": 486.614548,
            "avg": 139.14984930907585,
            "min": 0.031131,
            "med": 66.540258,
            "p(90)": 425.9400920000003,
            "p(95)": 446.979096
        },
        "http_req_failed": {
            "fails": 1798717,
            "passes": 0,
            "value": 0
        },
        "http_req_connecting": {
            "med": 0,
            "p(90)": 0,
            "p(95)": 0,
            "p(99)": 0,
            "max": 88.565152,
            "avg": 0.0029645623030193162,
            "min": 0
        },
        "iteration_duration": {
            "p(95)": 693.3566898,
            "p(99)": 821.0853772800001,
            "max": 930.040013,
            "avg": 329.7923474256529,
            "min": 1.081419,
            "med": 308.523247,
            "p(90)": 598.360421
        },
        "endpoint_product_with_supplier_duration": {
            "avg": 139.7106145087972,
            "min": -1555.722025,
            "med": 66.447651,
            "p(90)": 428.30112999999994,
            "p(95)": 447.3043954,
            "p(99)": 463.52118313999995,
            "max": 524.304006
        },
        "http_req_sending": {
            "med": 0.009591,
            "p(90)": 0.029221,
            "p(95)": 0.04648919999999995,
            "p(99)": 0.164281,
            "max": 57.725225,
            "avg": 0.019139403179044,
            "min": -1557.801471
        }
    }
}