{
    "root_group": {
        "name": "",
        "path": "",
        "id": "d41d8cd98f00b204e9800998ecf8427e",
        "groups": {},
        "checks": {}
    },
    "metrics": {
        "http_req_blocked": {
            "p(95)": 0.005173,
            "p(99)": 0.023257759999999777,
            "max": 71.16051,
            "avg": 0.0072481720914562625,
            "min": 0.000903,
            "med": 0.00372,
            "p(90)": 0.004761
        },
        "http_req_sending": {
            "min": 0.002762,
            "med": 0.009477,
            "p(90)": 0.028839,
            "p(95)": 0.033033,
            "p(99)": 0.07671865999999922,
            "max": 17.154325,
            "avg": 0.014947196692593643
        },
        "endpoint_products_duration": {
            "med": 169.8976715,
            "p(90)": 586.20755,
            "p(95)": 622.0172994000001,
            "p(99)": 654.22527318,
            "max": 670.270128,
            "avg": 232.65659079989427,
            "min": 0.031704
        },
        "http_req_waiting": {
            "avg": 230.48862240684113,
            "min": 0,
            "med": 165.432874,
            "p(90)": 584.9738854,
            "p(95)": 620.9539154,
            "p(99)": 654.32858884,
            "max": 675.229645
        },
        "endpoint_supplier_by_id_duration": {
            "p(90)": 585.0834342,
            "p(95)": 621.4007028,
            "p(99)": 654.6194258099999,
            "max": 674.113688,
            "avg": 230.02535759484806,
            "min": -787.348796,
            "med": 163.7474955
        },
        "endpoint_employees_duration": {
            "p(90)": 584.3170708,
            "p(95)": 623.6481193999999,
            "p(99)": 656.87745728,
            "max": 667.600705,
            "avg": 232.5821212819558,
            "min": 0.044765,
            "med": 164.476406
        },
        "data_received": {
            "count": 1898760475,
            "rate": 6045868.819897027
        },
        "vus_max": {
            "value": 3000,
            "min": 3000,
            "max": 3000
        },
        "iteration_duration": {
            "avg": 424.20383534608817,
            "min": 1.054966,
            "med": 377.375822,
            "p(90)": 807.7992696,
            "p(95)": 889.5167942999998,
            "p(99)": 987.4034623399998,
            "max": 1051.218629
        },
        "endpoint_orders_with_details_duration": {
            "min": 0.028904,
            "med": 167.7132415,
            "p(90)": 587.471835,
            "p(95)": 623.6845424999999,
            "p(99)": 656.4905005,
            "max": 675.367127,
            "avg": 233.1169705095545
        },
        "http_req_receiving": {
            "max": 20.19091,
            "avg": 0.056248460607521235,
            "min": -869.212012,
            "med": 0.033865,
            "p(90)": 0.09588080000000004,
            "p(95)": 0.17116779999999981,
            "p(99)": 0.3950379399999986
        },
        "endpoint_suppliers_duration": {
            "min": 0.025251,
            "med": 170.463376,
            "p(90)": 585.9168027999999,
            "p(95)": 621.2731858,
            "p(99)": 655.44577752,
            "max": 673.733433,
            "avg": 233.50041152966253
        },
        "endpoint_employee_with_recipient_duration": {
            "avg": 230.36537902676997,
            "min": 0.020991,
            "med": 164.850429,
            "p(90)": 585.1616750000001,
            "p(95)": 621.0214006,
            "p(99)": 655.06755352,
            "max": 672.66446
        },
        "http_reqs": {
            "rate": 4455.093766186376,
            "count": 1399163
        },
        "endpoint_order_with_details_duration": {
            "p(90)": 584.7596599999999,
            "p(95)": 620.71901375,
            "p(99)": 654.3404426999998,
            "max": 674.000663,
            "avg": 230.48518388404216,
            "min": -787.731536,
            "med": 165.0182275
        },
        "http_req_tls_handshaking": {
            "med": 0,
            "p(90)": 0,
            "p(95)": 0,
            "p(99)": 0,
            "max": 0,
            "avg": 0,
            "min": 0
        },
        "endpoint_product_with_supplier_duration": {
            "min": 0.018747,
            "med": 165.83700549999998,
            "p(90)": 585.0456324,
            "p(95)": 621.1197514,
            "p(99)": 654.28183188,
            "max": 674.208782,
            "avg": 230.45349272524263
        },
        "endpoint_customer_by_id_duration": {
            "p(99)": 653.84157342,
            "max": 673.912934,
            "avg": 230.20141249389104,
            "min": 0.020563,
            "med": 163.657125,
            "p(90)": 584.8693003,
            "p(95)": 621.0985015
        },
        "http_req_connecting": {
            "med": 0,
            "p(90)": 0,
            "p(95)": 0,
            "p(99)": 0,
            "max": 71.12536,
            "avg": 0.002974013069956818,
            "min": 0
        },
        "endpoint_customers_duration": {
            "avg": 235.4529673625003,
            "min": 0.231997,
            "med": 172.81739800000003,
            "p(90)": 588.5025150000001,
            "p(95)": 622.9459936999999,
            "p(99)": 654.40893009,
            "max": 674.813388
        },
        "iterations": {
            "count": 1399163,
            "rate": 4455.093766186376
        },
        "vus": {
            "value": 141,
            "min": 30,
            "max": 3000
        },
        "data_sent": {
            "rate": 541157.9038811706,
            "count": 169955596
        },
        "endpoint_order_with_details_and_products_duration": {
            "avg": 230.51672808905192,
            "min": -772.190755,
            "med": 165.8855345,
            "p(90)": 584.9870243,
            "p(95)": 620.7867566,
            "p(99)": 654.3734760900002,
            "max": 674.040107
        },
        "http_req_duration": {
            "avg": 230.55981806414317,
            "min": -787.731536,
            "med": 165.514069,
            "p(90)": 585.0484462000001,
            "p(95)": 621.0312769999999,
            "p(99)": 654.4082453799999,
            "max": 675.367127
        },
        "http_req_duration{expected_response:true}": {
            "p(90)": 585.0484462000001,
            "p(95)": 621.0312769999999,
            "p(99)": 654.4082453799999,
            "max": 675.367127,
            "avg": 230.55981806414317,
            "min": -787.731536,
            "med": 165.514069
        },
        "http_req_failed": {
            "passes": 0,
            "fails": 1399163,
            "value": 0
        }
    }
}