{
    "root_group": {
        "name": "",
        "path": "",
        "id": "d41d8cd98f00b204e9800998ecf8427e",
        "groups": {},
        "checks": {}
    },
    "metrics": {
        "endpoint_supplier_by_id_duration": {
            "p(99)": 579.9573518000001,
            "max": 620.213973,
            "avg": 146.59552095789462,
            "min": -1570.427461,
            "med": 3.1241304999999997,
            "p(90)": 543.9037645000001,
            "p(95)": 563.9686817500001
        },
        "endpoint_employees_duration": {
            "max": 615.623169,
            "avg": 142.63082532190032,
            "min": 0.030162,
            "med": 3.5963845,
            "p(90)": 531.2710168,
            "p(95)": 564.92261165,
            "p(99)": 580.68236464
        },
        "http_req_duration": {
            "max": 623.934589,
            "avg": 146.75913954084575,
            "min": -1570.49854,
            "med": 3.513182,
            "p(90)": 543.2338996,
            "p(95)": 564.1457539999999,
            "p(99)": 580.01085906
        },
        "endpoint_products_duration": {
            "p(90)": 547.532063,
            "p(95)": 565.404798,
            "p(99)": 579.8531388,
            "max": 615.954466,
            "avg": 148.9014091040291,
            "min": 0.026113,
            "med": 4.019564
        },
        "http_req_tls_handshaking": {
            "avg": 0,
            "min": 0,
            "med": 0,
            "p(90)": 0,
            "p(95)": 0,
            "p(99)": 0,
            "max": 0
        },
        "endpoint_employee_with_recipient_duration": {
            "med": 3.2052075,
            "p(90)": 541.0758040000001,
            "p(95)": 563.86873425,
            "p(99)": 580.0010555,
            "max": 616.540701,
            "avg": 144.78045370593188,
            "min": -782.819411
        },
        "endpoint_customers_duration": {
            "avg": 147.87298827952412,
            "min": -840.48556,
            "med": 5.342359500000001,
            "p(90)": 545.508699,
            "p(95)": 566.39515175,
            "p(99)": 583.00738975,
            "max": 612.297213
        },
        "endpoint_order_with_details_duration": {
            "p(90)": 543.4189981999999,
            "p(95)": 564.0415788,
            "p(99)": 579.7756413999998,
            "max": 623.934589,
            "avg": 146.76109232734277,
            "min": -897.246865,
            "med": 3.176513
        },
        "http_req_failed": {
            "passes": 0,
            "fails": 1753079,
            "value": 0
        },
        "vus_max": {
            "value": 3000,
            "min": 3000,
            "max": 3000
        },
        "http_req_sending": {
            "min": 0.002838,
            "med": 0.009683,
            "p(90)": 0.02842,
            "p(95)": 0.03795509999999986,
            "p(99)": 0.13501309999999986,
            "max": 63.211096,
            "avg": 0.0167217689077251
        },
        "endpoint_orders_with_details_duration": {
            "avg": 148.790889978076,
            "min": -771.112261,
            "med": 6.277645,
            "p(90)": 545.8341505,
            "p(95)": 566.4612559,
            "p(99)": 583.14264846,
            "max": 619.259378
        },
        "endpoint_customer_by_id_duration": {
            "min": -782.179277,
            "med": 3.171904,
            "p(90)": 542.5371698,
            "p(95)": 563.8953009999999,
            "p(99)": 579.95602738,
            "max": 616.030827,
            "avg": 147.37642022942126
        },
        "http_req_duration{expected_response:true}": {
            "p(90)": 543.2338996,
            "p(95)": 564.1457539999999,
            "p(99)": 580.01085906,
            "max": 623.934589,
            "avg": 146.75913954084575,
            "min": -1570.49854,
            "med": 3.513182
        },
        "iterations": {
            "count": 1753079,
            "rate": 5622.767857303083
        },
        "http_req_connecting": {
            "p(99)": 0,
            "max": 90.650929,
            "avg": 0.0034490101666838856,
            "min": 0,
            "med": 0,
            "p(90)": 0,
            "p(95)": 0
        },
        "data_sent": {
            "rate": 682996.5078753753,
            "count": 212946162
        },
        "data_received": {
            "count": 2378943099,
            "rate": 7630143.759300171
        },
        "endpoint_order_with_details_and_products_duration": {
            "p(95)": 564.24408965,
            "p(99)": 579.99796767,
            "max": 617.398108,
            "avg": 147.06486868426452,
            "min": -1566.202569,
            "med": 3.457025,
            "p(90)": 543.2070188000001
        },
        "http_req_waiting": {
            "max": 623.909251,
            "avg": 146.68871700415266,
            "min": 0,
            "med": 3.385584,
            "p(90)": 543.1441612,
            "p(95)": 564.0580428,
            "p(99)": 579.88802598
        },
        "vus": {
            "value": 56,
            "min": 28,
            "max": 3000
        },
        "endpoint_suppliers_duration": {
            "med": 3.528556,
            "p(90)": 542.0281768000002,
            "p(95)": 564.7013644,
            "p(99)": 581.45209037,
            "max": 614.395587,
            "avg": 146.23932689727772,
            "min": 0.022267
        },
        "http_reqs": {
            "count": 1753079,
            "rate": 5622.767857303083
        },
        "iteration_duration": {
            "max": 994.436262,
            "avg": 338.4331279000988,
            "min": 1.022436,
            "med": 302.27296,
            "p(90)": 714.6435141999999,
            "p(95)": 808.7455254999998,
            "p(99)": 937.61600814
        },
        "endpoint_product_with_supplier_duration": {
            "p(95)": 563.93658085,
            "p(99)": 579.87178575,
            "max": 622.712517,
            "avg": 146.2331043975609,
            "min": -1570.49854,
            "med": 3.154923,
            "p(90)": 542.7761658
        },
        "http_req_receiving": {
            "avg": 0.05370076778913337,
            "min": -1572.230108,
            "med": 0.028091,
            "p(90)": 0.11793519999999995,
            "p(95)": 0.2237262999999996,
            "p(99)": 0.6024740599999994,
            "max": 78.750987
        },
        "http_req_blocked": {
            "p(95)": 0.005541,
            "p(99)": 0.032860219999999975,
            "max": 90.683419,
            "avg": 0.008549182982632016,
            "min": 0,
            "med": 0.003868,
            "p(90)": 0.00496
        }
    }
}