{
    "metrics": {
        "http_req_sending": {
            "med": 0.009542,
            "p(90)": 0.028988,
            "p(95)": 0.0329,
            "p(99)": 0.07168699000000023,
            "max": 26.74293,
            "avg": 0.013109623098393426,
            "min": -1543.387552
        },
        "endpoint_order_with_details_and_products_duration": {
            "max": 704.273127,
            "avg": 254.85786511097572,
            "min": -1278.690835,
            "med": 217.27211499999999,
            "p(90)": 583.3708517000001,
            "p(95)": 625.1710268999999,
            "p(99)": 667.51895973
        },
        "endpoint_orders_with_details_duration": {
            "med": 221.78674,
            "p(90)": 584.661622,
            "p(95)": 626.115894,
            "p(99)": 668.8874022,
            "max": 686.977248,
            "avg": 256.1350563174939,
            "min": 0.030395
        },
        "http_reqs": {
            "count": 1322568,
            "rate": 4202.738654078033
        },
        "endpoint_supplier_by_id_duration": {
            "avg": 254.17081545484044,
            "min": 0.022067,
            "med": 214.626916,
            "p(90)": 582.9850726,
            "p(95)": 625.7797876999999,
            "p(99)": 667.34397394,
            "max": 684.116656
        },
        "http_req_tls_handshaking": {
            "p(95)": 0,
            "p(99)": 0,
            "max": 0,
            "avg": 0,
            "min": 0,
            "med": 0,
            "p(90)": 0
        },
        "http_req_duration{expected_response:true}": {
            "min": -1543.268066,
            "med": 217.8844425,
            "p(90)": 583.5188350000001,
            "p(95)": 626.4217410999998,
            "p(99)": 667.50372056,
            "max": 704.372401,
            "avg": 254.78258530826463
        },
        "iterations": {
            "count": 1322568,
            "rate": 4202.738654078033
        },
        "endpoint_employees_duration": {
            "min": -517.519106,
            "med": 203.74723,
            "p(90)": 585.0573213,
            "p(95)": 622.9255088499997,
            "p(99)": 667.5564948800001,
            "max": 704.372401,
            "avg": 249.17151896389976
        },
        "vus_max": {
            "value": 3000,
            "min": 3000,
            "max": 3000
        },
        "http_req_duration": {
            "p(99)": 667.50372056,
            "max": 704.372401,
            "avg": 254.78258530826463,
            "min": -1543.268066,
            "med": 217.8844425,
            "p(90)": 583.5188350000001,
            "p(95)": 626.4217410999998
        },
        "endpoint_employee_with_recipient_duration": {
            "max": 682.295014,
            "avg": 254.48100135106503,
            "min": -700.031117,
            "med": 214.001243,
            "p(90)": 583.8204164,
            "p(95)": 628.2410688999993,
            "p(99)": 667.0726721
        },
        "http_req_waiting": {
            "p(95)": 626.3555623499999,
            "p(99)": 667.42031266,
            "max": 704.302012,
            "avg": 254.72062872703796,
            "min": 0,
            "med": 217.82548400000002,
            "p(90)": 583.4491015
        },
        "http_req_receiving": {
            "avg": 0.048846958122373725,
            "min": -1543.36855,
            "med": 0.0383875,
            "p(90)": 0.09324330000000004,
            "p(95)": 0.1647296499999999,
            "p(99)": 0.3808653100000005,
            "max": 29.157742
        },
        "endpoint_customers_duration": {
            "avg": 256.4655180803819,
            "min": 0.13026,
            "med": 225.079046,
            "p(90)": 585.617285,
            "p(95)": 632.63287175,
            "p(99)": 669.0023867000001,
            "max": 683.63834
        },
        "data_received": {
            "count": 1794896752,
            "rate": 5703662.843581209
        },
        "endpoint_products_duration": {
            "p(90)": 583.8530395,
            "p(95)": 627.7824436999998,
            "p(99)": 669.0985733,
            "max": 684.00439,
            "avg": 255.39180187812434,
            "min": -1529.899974,
            "med": 227.14321999999999
        },
        "iteration_duration": {
            "avg": 448.72135143495575,
            "min": 1.073768,
            "med": 415.2678605,
            "p(90)": 821.5591338000002,
            "p(95)": 899.0569978499999,
            "p(99)": 989.0859144000002,
            "max": 1077.027068
        },
        "vus": {
            "value": 83,
            "min": 31,
            "max": 3000
        },
        "endpoint_customer_by_id_duration": {
            "min": 0.02061,
            "med": 219.519735,
            "p(90)": 583.2877582,
            "p(95)": 629.3859569999998,
            "p(99)": 667.582773,
            "max": 683.326728,
            "avg": 254.59823632693414
        },
        "http_req_connecting": {
            "med": 0,
            "p(90)": 0,
            "p(95)": 0,
            "p(99)": 0,
            "max": 60.280688,
            "avg": 0.003272194717398273,
            "min": 0
        },
        "http_req_failed": {
            "passes": 0,
            "fails": 1322568,
            "value": 0
        },
        "endpoint_suppliers_duration": {
            "p(99)": 667.3313146,
            "max": 679.480701,
            "avg": 256.8336065328053,
            "min": -1543.268066,
            "med": 226.2499245,
            "p(90)": 579.4058345,
            "p(95)": 619.7506515
        },
        "data_sent": {
            "rate": 510507.3381126626,
            "count": 160652547
        },
        "endpoint_product_with_supplier_duration": {
            "p(95)": 626.8108811999999,
            "p(99)": 667.3309797,
            "max": 689.549694,
            "avg": 254.4718216892214,
            "min": -1542.503373,
            "med": 216.01795049999998,
            "p(90)": 583.4149313
        },
        "http_req_blocked": {
            "avg": 0.007479361918630029,
            "min": 0.000913,
            "med": 0.00373,
            "p(90)": 0.004779,
            "p(95)": 0.005176,
            "p(99)": 0.022109,
            "max": 60.321795
        },
        "endpoint_order_with_details_duration": {
            "p(99)": 667.4582682600001,
            "max": 701.11811,
            "avg": 255.1016741824924,
            "min": -520.012471,
            "med": 220.2115725,
            "p(90)": 583.8568797,
            "p(95)": 627.3757054499999
        }
    },
    "root_group": {
        "name": "",
        "path": "",
        "id": "d41d8cd98f00b204e9800998ecf8427e",
        "groups": {},
        "checks": {}
    }
}