{
    "root_group": {
        "path": "",
        "id": "d41d8cd98f00b204e9800998ecf8427e",
        "groups": {},
        "checks": {},
        "name": ""
    },
    "metrics": {
        "endpoint_employee_with_recipient_duration": {
            "p(90)": 365.681952,
            "p(95)": 376.285155,
            "p(99)": 390.05689960000007,
            "max": 426.118724,
            "avg": 99.79848089596425,
            "min": 0.021811,
            "med": 15.688822
        },
        "http_req_failed": {
            "passes": 0,
            "fails": 2043658,
            "value": 0
        },
        "endpoint_order_with_details_and_products_duration": {
            "avg": 100.42845120385095,
            "min": -1582.014292,
            "med": 16.342405,
            "p(90)": 366.14180669999996,
            "p(95)": 376.22724165,
            "p(99)": 389.99456354999995,
            "max": 430.655508
        },
        "endpoint_products_duration": {
            "avg": 100.9967996066605,
            "min": 0.02684,
            "med": 16.092467,
            "p(90)": 366.9588585,
            "p(95)": 376.96747475,
            "p(99)": 390.2101286999999,
            "max": 426.109342
        },
        "http_req_blocked": {
            "p(90)": 0.004961,
            "p(95)": 0.005627,
            "p(99)": 0.040340859999999874,
            "max": 63.656955,
            "avg": 0.008139926986316638,
            "min": 0,
            "med": 0.003846
        },
        "http_req_duration{expected_response:true}": {
            "p(95)": 376.26736145,
            "p(99)": 390.03811986,
            "max": 482.608291,
            "avg": 100.43031332368541,
            "min": -1582.014292,
            "med": 16.271594999999998,
            "p(90)": 366.0363726
        },
        "endpoint_customer_by_id_duration": {
            "med": 15.8465825,
            "p(90)": 365.7063975,
            "p(95)": 375.972621,
            "p(99)": 389.7550457500001,
            "max": 428.209904,
            "avg": 99.92579006870506,
            "min": -1217.420079
        },
        "vus_max": {
            "value": 3000,
            "min": 3000,
            "max": 3000
        },
        "endpoint_orders_with_details_duration": {
            "min": -849.313325,
            "med": 18.067683000000002,
            "p(90)": 368.76493849999997,
            "p(95)": 379.01260525,
            "p(99)": 393.15088860000003,
            "max": 429.289042,
            "avg": 102.12698479441039
        },
        "endpoint_order_with_details_duration": {
            "p(95)": 376.1492442,
            "p(99)": 389.98038485999996,
            "max": 427.630051,
            "avg": 100.38728676768645,
            "min": -1551.352348,
            "med": 16.3786225,
            "p(90)": 365.8706929
        },
        "http_req_sending": {
            "max": 101.843732,
            "avg": 0.01979067666850591,
            "min": -1582.053225,
            "med": 0.009579,
            "p(90)": 0.029216,
            "p(95)": 0.05349714999999991,
            "p(99)": 0.19169471999999974
        },
        "http_req_receiving": {
            "med": 0.026784,
            "p(90)": 0.13146630000000004,
            "p(95)": 0.247793,
            "p(99)": 0.7158194399999995,
            "max": 99.199289,
            "avg": 0.06994795669186929,
            "min": -1582.028583
        },
        "iterations": {
            "count": 2043658,
            "rate": 6509.922703796783
        },
        "endpoint_employees_duration": {
            "med": 14.5058665,
            "p(90)": 366.1377311,
            "p(95)": 376.8777404,
            "p(99)": 391.35384524,
            "max": 421.463641,
            "avg": 99.73723784143222,
            "min": 0.027307
        },
        "http_req_waiting": {
            "p(90)": 365.93287879999997,
            "p(95)": 376.13603615,
            "p(99)": 389.87357485999996,
            "max": 430.624644,
            "avg": 100.34057469032851,
            "min": 0,
            "med": 16.1437925
        },
        "iteration_duration": {
            "avg": 290.21094902826803,
            "min": 1.04931,
            "med": 301.5552705,
            "p(90)": 556.0242161000001,
            "p(95)": 661.1794816999999,
            "p(99)": 749.79900482,
            "max": 897.976154
        },
        "http_req_tls_handshaking": {
            "med": 0,
            "p(90)": 0,
            "p(95)": 0,
            "p(99)": 0,
            "max": 0,
            "avg": 0,
            "min": 0
        },
        "endpoint_suppliers_duration": {
            "min": 0.022136,
            "med": 16.7600635,
            "p(90)": 365.86562460000005,
            "p(95)": 375.26883599999996,
            "p(99)": 387.73454916,
            "max": 413.282087,
            "avg": 101.20700661423339
        },
        "http_reqs": {
            "count": 2043658,
            "rate": 6509.922703796783
        },
        "endpoint_supplier_by_id_duration": {
            "p(99)": 389.9549676999998,
            "max": 431.169505,
            "avg": 100.54277794361347,
            "min": -862.573406,
            "med": 16.024791999999998,
            "p(90)": 365.9257152,
            "p(95)": 376.1467128
        },
        "endpoint_customers_duration": {
            "avg": 101.36694332884215,
            "min": -1574.04926,
            "med": 17.541285000000002,
            "p(90)": 367.427815,
            "p(95)": 377.58879745,
            "p(99)": 392.05667122,
            "max": 429.677972
        },
        "vus": {
            "min": 30,
            "max": 3000,
            "value": 3000
        },
        "data_sent": {
            "count": 248243111,
            "rate": 790760.2271808909
        },
        "data_received": {
            "count": 2752844714,
            "rate": 8768984.97874672
        },
        "endpoint_product_with_supplier_duration": {
            "p(99)": 389.86512558000004,
            "max": 482.608291,
            "avg": 100.36780691120858,
            "min": -1549.884358,
            "med": 16.078907,
            "p(90)": 365.94536639999995,
            "p(95)": 376.1593004
        },
        "http_req_duration": {
            "min": -1582.014292,
            "med": 16.271594999999998,
            "p(90)": 366.0363726,
            "p(95)": 376.26736145,
            "p(99)": 390.03811986,
            "max": 482.608291,
            "avg": 100.43031332368541
        },
        "http_req_connecting": {
            "p(99)": 0,
            "max": 63.60593,
            "avg": 0.002648820080952879,
            "min": 0,
            "med": 0,
            "p(90)": 0,
            "p(95)": 0
        }
    }
}