{
    "metrics": {
        "endpoint_suppliers_duration": {
            "avg": 193.2118286624005,
            "min": 0.025988,
            "med": 104.86262,
            "p(90)": 537.795687,
            "p(95)": 554.98467,
            "p(99)": 574.4573074000001,
            "max": 594.195357
        },
        "http_req_receiving": {
            "max": 19.411909,
            "avg": 0.050984960560215134,
            "min": -1539.720098,
            "med": 0.03018,
            "p(90)": 0.105908,
            "p(95)": 0.19479859999999985,
            "p(99)": 0.4734685999999994
        },
        "http_req_waiting": {
            "min": 0,
            "med": 103.088525,
            "p(90)": 537.6212628,
            "p(95)": 555.2608907999999,
            "p(99)": 573.7248229200001,
            "max": 606.234818,
            "avg": 193.07283345097832
        },
        "http_req_duration{expected_response:true}": {
            "med": 103.163715,
            "p(90)": 537.702981,
            "p(95)": 555.3439506,
            "p(99)": 573.80617732,
            "max": 606.295505,
            "avg": 193.13667315975715,
            "min": -1539.710644
        },
        "http_req_sending": {
            "max": 19.062074,
            "avg": 0.012854748225771569,
            "min": -1538.291676,
            "med": 0.009641,
            "p(90)": 0.028913,
            "p(95)": 0.034239,
            "p(99)": 0.09953511999999988
        },
        "vus_max": {
            "value": 3000,
            "min": 3000,
            "max": 3000
        },
        "endpoint_customers_duration": {
            "med": 107.125975,
            "p(90)": 538.4928560000001,
            "p(95)": 557.1386868,
            "p(99)": 575.1465631599999,
            "max": 603.769469,
            "avg": 195.6580695333736,
            "min": -1285.561793
        },
        "http_req_blocked": {
            "p(99)": 0.027354119999999878,
            "max": 59.25526,
            "avg": 0.007598833667708959,
            "min": 0,
            "med": 0.003835,
            "p(90)": 0.004894,
            "p(95)": 0.00539
        },
        "endpoint_order_with_details_duration": {
            "max": 605.952973,
            "avg": 192.9054342649072,
            "min": 0.017992,
            "med": 102.9816735,
            "p(90)": 537.4896555,
            "p(95)": 555.30835,
            "p(99)": 573.6252864
        },
        "data_received": {
            "count": 2074520078,
            "rate": 6642034.952349907
        },
        "endpoint_products_duration": {
            "p(99)": 574.6635465399999,
            "max": 603.837306,
            "avg": 193.62786773270432,
            "min": 0.038997,
            "med": 104.132622,
            "p(90)": 538.6415462,
            "p(95)": 555.5977161
        },
        "endpoint_order_with_details_and_products_duration": {
            "p(99)": 573.95961222,
            "max": 606.295505,
            "avg": 193.33267951866603,
            "min": -1537.325559,
            "med": 103.1799825,
            "p(90)": 538.0026940000001,
            "p(95)": 555.4863476
        },
        "vus": {
            "value": 71,
            "min": 29,
            "max": 3000
        },
        "endpoint_supplier_by_id_duration": {
            "min": 0.021299,
            "med": 103.2172395,
            "p(90)": 537.2109467,
            "p(95)": 555.1639740999999,
            "p(99)": 573.6826662799999,
            "max": 603.726913,
            "avg": 192.84118510444978
        },
        "endpoint_customer_by_id_duration": {
            "p(95)": 554.8986099499999,
            "p(99)": 573.3963647300001,
            "max": 603.100821,
            "avg": 192.94742188415105,
            "min": 0.018815,
            "med": 102.82378349999999,
            "p(90)": 537.2708816000002
        },
        "http_reqs": {
            "rate": 4929.654941497594,
            "count": 1539689
        },
        "endpoint_orders_with_details_duration": {
            "avg": 195.85874880161646,
            "min": -1532.477815,
            "med": 105.36389650000001,
            "p(90)": 539.831627,
            "p(95)": 558.0610806499999,
            "p(99)": 575.83976553,
            "max": 605.747077
        },
        "http_req_connecting": {
            "avg": 0.0019773941542740106,
            "min": -1533.113152,
            "med": 0,
            "p(90)": 0,
            "p(95)": 0,
            "p(99)": 0,
            "max": 59.204384
        },
        "http_req_failed": {
            "fails": 1539689,
            "passes": 0,
            "value": 0
        },
        "endpoint_employees_duration": {
            "min": 0.037756,
            "med": 99.282421,
            "p(90)": 534.8334188,
            "p(95)": 554.0728783999999,
            "p(99)": 575.23755256,
            "max": 594.913829,
            "avg": 188.52767424896666
        },
        "endpoint_product_with_supplier_duration": {
            "med": 102.99546,
            "p(90)": 537.594322,
            "p(95)": 555.0898465,
            "p(99)": 573.6771153999999,
            "max": 605.875842,
            "avg": 192.91238245450032,
            "min": -1539.710644
        },
        "iterations": {
            "count": 1539689,
            "rate": 4929.654941497594
        },
        "http_req_tls_handshaking": {
            "min": 0,
            "med": 0,
            "p(90)": 0,
            "p(95)": 0,
            "p(99)": 0,
            "max": 0,
            "avg": 0
        },
        "data_sent": {
            "rate": 598803.6622687053,
            "count": 187025547
        },
        "http_req_duration": {
            "avg": 193.13667315975715,
            "min": -1539.710644,
            "med": 103.163715,
            "p(90)": 537.702981,
            "p(95)": 555.3439506,
            "p(99)": 573.80617732,
            "max": 606.295505
        },
        "iteration_duration": {
            "p(90)": 750.0962538,
            "p(95)": 835.1592074,
            "p(99)": 927.3897263599999,
            "max": 980.497632,
            "avg": 385.3864069231668,
            "min": 1.058512,
            "med": 376.364375
        },
        "endpoint_employee_with_recipient_duration": {
            "avg": 195.00701261670167,
            "min": 0.025169,
            "med": 105.5678575,
            "p(90)": 538.8704115,
            "p(95)": 556.10065335,
            "p(99)": 573.62778195,
            "max": 602.917379
        }
    },
    "root_group": {
        "id": "d41d8cd98f00b204e9800998ecf8427e",
        "groups": {},
        "checks": {},
        "name": "",
        "path": ""
    }
}