{
    "metrics": {
        "http_req_blocked": {
            "max": 74.982945,
            "avg": 0.008432004599981209,
            "min": 0,
            "med": 0.003835,
            "p(90)": 0.004982,
            "p(95)": 0.005698,
            "p(99)": 0.04288874999999954
        },
        "endpoint_suppliers_duration": {
            "p(95)": 345.6826858,
            "p(99)": 363.6516712,
            "max": 404.009544,
            "avg": 94.574090042221,
            "min": 0.025022,
            "med": 51.778303,
            "p(90)": 326.8586472
        },
        "http_req_duration{expected_response:true}": {
            "avg": 93.19865087717181,
            "min": -1588.365967,
            "med": 51.5767655,
            "p(90)": 325.0500095,
            "p(95)": 343.9516095,
            "p(99)": 362.2456167,
            "max": 433.277878
        },
        "http_req_waiting": {
            "p(99)": 362.03351795,
            "max": 433.245239,
            "avg": 93.09156058167439,
            "min": 0,
            "med": 51.461497,
            "p(90)": 324.9229455,
            "p(95)": 343.82044475000004
        },
        "vus": {
            "value": 3000,
            "min": 30,
            "max": 3000
        },
        "iterations": {
            "count": 2098486,
            "rate": 6686.940708036454
        },
        "http_req_tls_handshaking": {
            "p(90)": 0,
            "p(95)": 0,
            "p(99)": 0,
            "max": 0,
            "avg": 0,
            "min": 0,
            "med": 0
        },
        "http_req_failed": {
            "passes": 0,
            "fails": 2098486,
            "value": 0
        },
        "endpoint_products_duration": {
            "p(99)": 362.0865668999999,
            "max": 397.376044,
            "avg": 92.9245360491251,
            "min": 0.025858,
            "med": 52.025628499999996,
            "p(90)": 325.50635650000004,
            "p(95)": 344.60577
        },
        "endpoint_order_with_details_duration": {
            "p(99)": 362.07693407999994,
            "max": 418.235513,
            "avg": 93.05766202796873,
            "min": -1579.036055,
            "med": 51.434064500000005,
            "p(90)": 324.94172910000003,
            "p(95)": 343.78542269999997
        },
        "endpoint_employee_with_recipient_duration": {
            "avg": 93.08757224462933,
            "min": 0.021219,
            "med": 51.617654,
            "p(90)": 324.8548,
            "p(95)": 343.76286675,
            "p(99)": 361.4128228,
            "max": 408.115124
        },
        "vus_max": {
            "value": 3000,
            "min": 3000,
            "max": 3000
        },
        "endpoint_supplier_by_id_duration": {
            "med": 51.432306499999996,
            "p(90)": 325.6005521,
            "p(95)": 343.96976945,
            "p(99)": 361.86439696,
            "max": 415.949575,
            "avg": 93.27998406470056,
            "min": 0.019979
        },
        "data_received": {
            "count": 2826414787,
            "rate": 9006525.703286314
        },
        "data_sent": {
            "count": 254901287,
            "rate": 812256.9283622495
        },
        "endpoint_customer_by_id_duration": {
            "avg": 92.87682879361923,
            "min": 0.020762,
            "med": 51.3825675,
            "p(90)": 324.3866886,
            "p(95)": 343.85242415,
            "p(99)": 362.68361693,
            "max": 410.42217
        },
        "endpoint_orders_with_details_duration": {
            "p(99)": 364.72716319,
            "max": 412.135554,
            "avg": 95.31804251088077,
            "min": 0.024915,
            "med": 54.118258,
            "p(90)": 326.8979498000001,
            "p(95)": 346.47084294999996
        },
        "http_req_receiving": {
            "max": 150.733229,
            "avg": 0.07843669632010541,
            "min": -1591.663924,
            "med": 0.027376,
            "p(90)": 0.14302,
            "p(95)": 0.26323375000000004,
            "p(99)": 0.8002261999999992
        },
        "endpoint_order_with_details_and_products_duration": {
            "avg": 93.32328904716135,
            "min": -1586.496818,
            "med": 51.624249,
            "p(90)": 325.0845326,
            "p(95)": 343.9620106,
            "p(99)": 362.26980696000004,
            "max": 433.277878
        },
        "http_req_duration": {
            "min": -1588.365967,
            "med": 51.5767655,
            "p(90)": 325.0500095,
            "p(95)": 343.9516095,
            "p(99)": 362.2456167,
            "max": 433.277878,
            "avg": 93.19865087717181
        },
        "endpoint_customers_duration": {
            "p(90)": 326.56887250000005,
            "p(95)": 346.1253379999999,
            "p(99)": 366.22483772,
            "max": 407.198215,
            "avg": 93.5073270710106,
            "min": -1588.365967,
            "med": 53.076662999999996
        },
        "endpoint_product_with_supplier_duration": {
            "p(95)": 343.79328369999996,
            "p(99)": 361.94899552000027,
            "max": 426.484809,
            "avg": 93.04062284181208,
            "min": -756.945573,
            "med": 51.437713,
            "p(90)": 324.8841714
        },
        "iteration_duration": {
            "p(90)": 503.3006405,
            "p(95)": 609.2911345,
            "p(99)": 717.25631675,
            "max": 900.790845,
            "avg": 282.6037400483313,
            "min": 1.035175,
            "med": 283.5219025
        },
        "endpoint_employees_duration": {
            "max": 403.44032,
            "avg": 92.84244548138906,
            "min": 0.025874,
            "med": 52.284171,
            "p(90)": 323.88375440000004,
            "p(95)": 344.2306264,
            "p(99)": 359.93037391999997
        },
        "http_req_connecting": {
            "avg": 0.002708128870528567,
            "min": 0,
            "med": 0,
            "p(90)": 0,
            "p(95)": 0,
            "p(99)": 0,
            "max": 68.126044
        },
        "http_req_sending": {
            "avg": 0.028653599172450035,
            "min": -1587.779534,
            "med": 0.009608,
            "p(90)": 0.030319,
            "p(95)": 0.065173,
            "p(99)": 0.23470759999999963,
            "max": 90.978458
        },
        "http_reqs": {
            "count": 2098486,
            "rate": 6686.940708036454
        }
    },
    "root_group": {
        "name": "",
        "path": "",
        "id": "d41d8cd98f00b204e9800998ecf8427e",
        "groups": {},
        "checks": {}
    }
}