{
    "metrics": {
        "iterations": {
            "count": 2024701,
            "rate": 6488.81781541396
        },
        "vus_max": {
            "value": 3000,
            "min": 3000,
            "max": 3000
        },
        "endpoint_customer_by_id_duration": {
            "min": -805.392005,
            "med": 2.9928939999999997,
            "p(90)": 417.07489660000016,
            "p(95)": 446.1554734,
            "p(99)": 461.48007839,
            "max": 494.175642,
            "avg": 102.40184547090942
        },
        "endpoint_supplier_by_id_duration": {
            "p(95)": 446.1632475,
            "p(99)": 461.46739544999997,
            "max": 496.968527,
            "avg": 102.12383764626084,
            "min": -1551.156618,
            "med": 2.9696355,
            "p(90)": 415.72785999999996
        },
        "endpoint_order_with_details_duration": {
            "p(90)": 417.1542082000002,
            "p(95)": 446.2649444,
            "p(99)": 461.35991301999996,
            "max": 504.805009,
            "avg": 102.60528571473266,
            "min": -1549.302809,
            "med": 3.033567
        },
        "endpoint_customers_duration": {
            "p(95)": 447.8514215,
            "p(99)": 462.1319968,
            "max": 492.553643,
            "avg": 102.32289374795295,
            "min": -417.236403,
            "med": 5.133239,
            "p(90)": 407.558793
        },
        "http_req_sending": {
            "p(95)": 0.050162,
            "p(99)": 0.181193,
            "max": 36.015462,
            "avg": 0.018636095543980703,
            "min": -1551.86876,
            "med": 0.009564,
            "p(90)": 0.028661
        },
        "endpoint_order_with_details_and_products_duration": {
            "max": 502.057053,
            "avg": 102.68710979293365,
            "min": -884.287495,
            "med": 3.278743,
            "p(90)": 416.3287706000001,
            "p(95)": 446.3997385,
            "p(99)": 461.79530786999993
        },
        "http_req_duration": {
            "avg": 102.7358933705174,
            "min": -1551.156618,
            "med": 3.241821,
            "p(90)": 416.774511,
            "p(95)": 446.389277,
            "p(99)": 461.704923,
            "max": 504.805009
        },
        "http_req_waiting": {
            "p(99)": 461.596685,
            "max": 502.346998,
            "avg": 102.65019483360338,
            "min": 0,
            "med": 3.141347,
            "p(90)": 416.651041,
            "p(95)": 446.286828
        },
        "endpoint_products_duration": {
            "p(95)": 447.2682992,
            "p(99)": 463.1127342,
            "max": 489.142487,
            "avg": 104.62648134609046,
            "min": 0.032055,
            "med": 3.738659,
            "p(90)": 424.2999366
        },
        "http_req_connecting": {
            "avg": 0.0028861221716194115,
            "min": 0,
            "med": 0,
            "p(90)": 0,
            "p(95)": 0,
            "p(99)": 0,
            "max": 95.451459
        },
        "http_req_blocked": {
            "max": 95.516064,
            "avg": 0.00834613041036725,
            "min": 0,
            "med": 0.003824,
            "p(90)": 0.004957,
            "p(95)": 0.005661,
            "p(99)": 0.040713
        },
        "endpoint_suppliers_duration": {
            "med": 3.312346,
            "p(90)": 414.45718550000004,
            "p(95)": 446.09216075,
            "p(99)": 461.7625793499999,
            "max": 492.971757,
            "avg": 102.6647832327079,
            "min": 0.022204
        },
        "data_received": {
            "count": 2727466944,
            "rate": 8741061.567698078
        },
        "endpoint_product_with_supplier_duration": {
            "p(95)": 446.2992364,
            "p(99)": 461.68521344,
            "max": 500.882557,
            "avg": 102.88482321956297,
            "min": -880.068259,
            "med": 3.030623,
            "p(90)": 417.1797578
        },
        "vus": {
            "value": 3000,
            "min": 29,
            "max": 3000
        },
        "http_reqs": {
            "rate": 6488.81781541396,
            "count": 2024701
        },
        "endpoint_orders_with_details_duration": {
            "p(95)": 449.17762849999997,
            "p(99)": 464.92358995,
            "max": 502.433936,
            "avg": 105.23685955174832,
            "min": 0.024848,
            "med": 6.379865499999999,
            "p(90)": 418.5967105
        },
        "http_req_receiving": {
            "avg": 0.06706244137331761,
            "min": -1553.408915,
            "med": 0.026325,
            "p(90)": 0.128165,
            "p(95)": 0.244,
            "p(99)": 0.709493,
            "max": 103.084613
        },
        "http_req_failed": {
            "passes": 0,
            "fails": 2024701,
            "value": 0
        },
        "data_sent": {
            "count": 245939092,
            "rate": 788192.4104726242
        },
        "endpoint_employees_duration": {
            "p(99)": 461.71007535999996,
            "max": 485.992746,
            "avg": 105.1421957785357,
            "min": 0.027525,
            "med": 3.72126,
            "p(90)": 429.39092260000024,
            "p(95)": 446.95131280000004
        },
        "endpoint_employee_with_recipient_duration": {
            "p(95)": 446.03133199999996,
            "p(99)": 461.7118823,
            "max": 493.971303,
            "avg": 101.91636109472702,
            "min": 0.023082,
            "med": 3.14254,
            "p(90)": 413.2661500000001
        },
        "iteration_duration": {
            "p(95)": 692.97996,
            "p(99)": 819.608295,
            "max": 888.380033,
            "avg": 292.97777765390106,
            "min": 1.03427,
            "med": 301.448477,
            "p(90)": 598.131918
        },
        "http_req_duration{expected_response:true}": {
            "med": 3.241821,
            "p(90)": 416.774511,
            "p(95)": 446.389277,
            "p(99)": 461.704923,
            "max": 504.805009,
            "avg": 102.7358933705174,
            "min": -1551.156618
        },
        "http_req_tls_handshaking": {
            "min": 0,
            "med": 0,
            "p(90)": 0,
            "p(95)": 0,
            "p(99)": 0,
            "max": 0,
            "avg": 0
        }
    },
    "root_group": {
        "name": "",
        "path": "",
        "id": "d41d8cd98f00b204e9800998ecf8427e",
        "groups": {},
        "checks": {}
    }
}