{
    "root_group": {
        "name": "",
        "path": "",
        "id": "d41d8cd98f00b204e9800998ecf8427e",
        "groups": {},
        "checks": {}
    },
    "metrics": {
        "http_req_blocked": {
            "min": 0.000915,
            "med": 0.003695,
            "p(90)": 0.004731,
            "p(95)": 0.005123,
            "p(99)": 0.021791,
            "max": 68.129204,
            "avg": 0.007024136696105324
        },
        "endpoint_supplier_by_id_duration": {
            "avg": 249.79417862599772,
            "min": 0.018642,
            "med": 217.90667200000001,
            "p(90)": 577.5624668,
            "p(95)": 619.2851104499999,
            "p(99)": 657.2999022600001,
            "max": 681.738
        },
        "endpoint_employee_with_recipient_duration": {
            "p(99)": 656.37908119,
            "max": 682.182736,
            "avg": 246.91989347939312,
            "min": 0.019776,
            "med": 205.8208255,
            "p(90)": 578.8341703,
            "p(95)": 619.10423845
        },
        "http_req_connecting": {
            "p(99)": 0,
            "max": 68.100834,
            "avg": 0.0028828013898388087,
            "min": 0,
            "med": 0,
            "p(90)": 0,
            "p(95)": 0
        },
        "http_req_tls_handshaking": {
            "p(95)": 0,
            "p(99)": 0,
            "max": 0,
            "avg": 0,
            "min": 0,
            "med": 0,
            "p(90)": 0
        },
        "vus": {
            "value": 185,
            "min": 29,
            "max": 3000
        },
        "vus_max": {
            "value": 3000,
            "min": 3000,
            "max": 3000
        },
        "http_reqs": {
            "count": 1339292,
            "rate": 4257.232456158033
        },
        "endpoint_employees_duration": {
            "p(95)": 615.9919413499999,
            "p(99)": 654.53777293,
            "max": 680.291949,
            "avg": 251.53748220952397,
            "min": 0.058047,
            "med": 226.45568600000001,
            "p(90)": 576.3922137999999
        },
        "iteration_duration": {
            "avg": 443.1577413105615,
            "min": 1.060756,
            "med": 412.1030005,
            "p(90)": 811.5231774000002,
            "p(95)": 889.5819133,
            "p(99)": 986.537526860001,
            "max": 1073.797731
        },
        "endpoint_products_duration": {
            "avg": 250.95166004342644,
            "min": 0.035228,
            "med": 221.170635,
            "p(90)": 577.4837308,
            "p(95)": 618.1956167999999,
            "p(99)": 657.9045342,
            "max": 681.606535
        },
        "endpoint_order_with_details_and_products_duration": {
            "p(90)": 576.9442668,
            "p(95)": 619.27668425,
            "p(99)": 657.48437584,
            "max": 682.464418,
            "avg": 249.03290878387685,
            "min": -1547.401152,
            "med": 215.118623
        },
        "http_req_failed": {
            "passes": 0,
            "fails": 1339292,
            "value": 0
        },
        "endpoint_orders_with_details_duration": {
            "p(90)": 579.1682609000001,
            "p(95)": 620.9070101,
            "p(99)": 659.67618838,
            "max": 684.336126,
            "avg": 250.97034106246772,
            "min": 0.029035,
            "med": 216.53587299999998
        },
        "http_req_waiting": {
            "p(95)": 618.6849233,
            "p(99)": 657.32955599,
            "max": 683.977891,
            "avg": 248.91663967460292,
            "min": 0,
            "med": 214.7228455,
            "p(90)": 576.8073873000001
        },
        "data_received": {
            "count": 1803929054,
            "rate": 5734182.924481932
        },
        "endpoint_suppliers_duration": {
            "p(99)": 657.4086196200001,
            "max": 678.936009,
            "avg": 252.27390976717663,
            "min": 0.027508,
            "med": 224.379675,
            "p(90)": 575.4763978,
            "p(95)": 612.0728397999999
        },
        "endpoint_product_with_supplier_duration": {
            "avg": 248.62830941962625,
            "min": 0.01991,
            "med": 213.625353,
            "p(90)": 576.4307654,
            "p(95)": 618.4976192,
            "p(99)": 657.38085728,
            "max": 682.327533
        },
        "http_req_sending": {
            "avg": 0.012780529966578285,
            "min": -880.786039,
            "med": 0.009443,
            "p(90)": 0.028709,
            "p(95)": 0.032621,
            "p(99)": 0.069509,
            "max": 18.865868
        },
        "http_req_receiving": {
            "max": 19.487403,
            "avg": 0.0521749596391194,
            "min": -1547.412115,
            "med": 0.038137,
            "p(90)": 0.09156390000000014,
            "p(95)": 0.16080569999999972,
            "p(99)": 0.3703871800000002
        },
        "endpoint_customer_by_id_duration": {
            "p(99)": 656.3965092000001,
            "max": 681.350692,
            "avg": 248.6247335930648,
            "min": -880.757435,
            "med": 215.652605,
            "p(90)": 576.509008,
            "p(95)": 616.747516
        },
        "data_sent": {
            "count": 162683621,
            "rate": 517125.45987470425
        },
        "http_req_duration{expected_response:true}": {
            "med": 214.7888105,
            "p(90)": 576.8891957000001,
            "p(95)": 618.75100935,
            "p(99)": 657.4040173800001,
            "max": 684.336126,
            "avg": 248.9815951642218,
            "min": -1547.401152
        },
        "endpoint_order_with_details_duration": {
            "p(90)": 576.8771466,
            "p(95)": 618.4728319,
            "p(99)": 657.29067848,
            "max": 682.494026,
            "avg": 248.85895993990871,
            "min": -369.358121,
            "med": 214.469186
        },
        "endpoint_customers_duration": {
            "min": 0.039037,
            "med": 212.956257,
            "p(90)": 579.1526322,
            "p(95)": 619.8192954,
            "p(99)": 658.05623424,
            "max": 681.420212,
            "avg": 250.94893278736953
        },
        "http_req_duration": {
            "avg": 248.9815951642218,
            "min": -1547.401152,
            "med": 214.7888105,
            "p(90)": 576.8891957000001,
            "p(95)": 618.75100935,
            "p(99)": 657.4040173800001,
            "max": 684.336126
        },
        "iterations": {
            "count": 1339292,
            "rate": 4257.232456158033
        }
    }
}