{
    "metrics": {
        "endpoint_product_with_supplier_duration": {
            "min": -1582.741023,
            "med": 3.1400734999999997,
            "p(90)": 521.1159018,
            "p(95)": 541.0297977,
            "p(99)": 556.1229623,
            "max": 603.578301,
            "avg": 142.50568013770666
        },
        "endpoint_supplier_by_id_duration": {
            "max": 603.062217,
            "avg": 142.37565427436454,
            "min": -1586.623145,
            "med": 3.120354,
            "p(90)": 520.2090534000001,
            "p(95)": 540.9883914999999,
            "p(99)": 556.4071716999998
        },
        "http_req_duration{expected_response:true}": {
            "max": 610.335956,
            "avg": 142.63445448033679,
            "min": -1586.623145,
            "med": 3.459627,
            "p(90)": 521.071003,
            "p(95)": 541.192299,
            "p(99)": 556.454027
        },
        "iteration_duration": {
            "min": 1.094541,
            "med": 302.278225,
            "p(90)": 696.189723,
            "p(95)": 791.151541,
            "p(99)": 914.1576694,
            "max": 985.62537,
            "avg": 334.0694344967348
        },
        "data_sent": {
            "count": 215732445,
            "rate": 692310.1465242713
        },
        "http_req_waiting": {
            "avg": 142.5635653191513,
            "min": 0,
            "med": 3.346184,
            "p(90)": 520.99828,
            "p(95)": 541.107111,
            "p(99)": 556.3388232000001,
            "max": 609.982913
        },
        "http_req_duration": {
            "avg": 142.63445448033679,
            "min": -1586.623145,
            "med": 3.459627,
            "p(90)": 521.071003,
            "p(95)": 541.192299,
            "p(99)": 556.454027,
            "max": 610.335956
        },
        "http_req_connecting": {
            "p(95)": 0,
            "p(99)": 0,
            "max": 94.951047,
            "avg": 0.002642105415420201,
            "min": 0,
            "med": 0,
            "p(90)": 0
        },
        "endpoint_order_with_details_and_products_duration": {
            "avg": 142.54619925882204,
            "min": -1585.944378,
            "med": 3.4039075,
            "p(90)": 521.2022088,
            "p(95)": 541.23293735,
            "p(99)": 556.4413196099999,
            "max": 603.660942
        },
        "endpoint_orders_with_details_duration": {
            "max": 610.335956,
            "avg": 145.07038041656375,
            "min": -1585.242331,
            "med": 6.651751,
            "p(90)": 523.9246412,
            "p(95)": 543.5624586,
            "p(99)": 558.6164707
        },
        "endpoint_suppliers_duration": {
            "max": 589.56193,
            "avg": 146.00731178258152,
            "min": 0.023806,
            "med": 3.626895,
            "p(90)": 525.6217684000001,
            "p(95)": 542.288242,
            "p(99)": 555.47920212
        },
        "endpoint_customer_by_id_duration": {
            "avg": 142.97794621577447,
            "min": 0.017244,
            "med": 3.112047,
            "p(90)": 521.8635914,
            "p(95)": 541.21313575,
            "p(99)": 556.49485254,
            "max": 603.339708
        },
        "endpoint_employees_duration": {
            "p(90)": 524.6114354,
            "p(95)": 541.0355708000001,
            "p(99)": 555.9913978,
            "max": 600.938212,
            "avg": 144.28977875926287,
            "min": 0.030528,
            "med": 3.78002
        },
        "endpoint_products_duration": {
            "min": 0.035508,
            "med": 3.9077275,
            "p(90)": 521.2852764,
            "p(95)": 541.9609785,
            "p(99)": 557.83539374,
            "max": 602.01118,
            "avg": 143.35319430139762
        },
        "http_reqs": {
            "count": 1776021,
            "rate": 5699.454983417923
        },
        "http_req_sending": {
            "med": 0.009572,
            "p(90)": 0.028499,
            "p(95)": 0.038014,
            "p(99)": 0.130429,
            "max": 21.451307,
            "avg": 0.01537996996657048,
            "min": -1587.812812
        },
        "endpoint_employee_with_recipient_duration": {
            "avg": 142.39577053474233,
            "min": 0.020069,
            "med": 3.2554879999999997,
            "p(90)": 519.5950307,
            "p(95)": 541.1630558,
            "p(99)": 556.5230771700001,
            "max": 599.058168
        },
        "endpoint_order_with_details_duration": {
            "p(99)": 556.3304393299999,
            "max": 606.18344,
            "avg": 142.55841060010914,
            "min": -844.181876,
            "med": 3.1486675,
            "p(90)": 520.6921253000002,
            "p(95)": 541.0699496499999
        },
        "iterations": {
            "count": 1776021,
            "rate": 5699.454983417923
        },
        "endpoint_customers_duration": {
            "med": 5.198233,
            "p(90)": 518.3279156000003,
            "p(95)": 542.1454297,
            "p(99)": 557.0388890700001,
            "max": 601.493495,
            "avg": 142.57457446323818,
            "min": 0.063183
        },
        "vus": {
            "value": 12,
            "min": 12,
            "max": 3000
        },
        "http_req_tls_handshaking": {
            "p(95)": 0,
            "p(99)": 0,
            "max": 0,
            "avg": 0,
            "min": 0,
            "med": 0,
            "p(90)": 0
        },
        "http_req_receiving": {
            "p(95)": 0.214329,
            "p(99)": 0.5439666000000001,
            "max": 40.421558,
            "avg": 0.05550919121902148,
            "min": -1588.132746,
            "med": 0.027974,
            "p(90)": 0.115881
        },
        "data_received": {
            "count": 2392103073,
            "rate": 7676532.9803302875
        },
        "vus_max": {
            "value": 3000,
            "min": 3000,
            "max": 3000
        },
        "http_req_failed": {
            "fails": 1776021,
            "passes": 0,
            "value": 0
        },
        "http_req_blocked": {
            "min": 0.000858,
            "med": 0.003829,
            "p(90)": 0.004907,
            "p(95)": 0.005511,
            "p(99)": 0.03381180000000005,
            "max": 95.006007,
            "avg": 0.007629496259896215
        }
    },
    "root_group": {
        "id": "d41d8cd98f00b204e9800998ecf8427e",
        "groups": {},
        "checks": {},
        "name": "",
        "path": ""
    }
}