{
    "metrics": {
        "iterations": {
            "count": 1261421,
            "rate": 4014.609211579841
        },
        "vus": {
            "value": 60,
            "min": 31,
            "max": 3000
        },
        "http_req_failed": {
            "passes": 0,
            "fails": 1261421,
            "value": 0
        },
        "http_req_tls_handshaking": {
            "p(95)": 0,
            "p(99)": 0,
            "max": 0,
            "avg": 0,
            "min": 0,
            "med": 0,
            "p(90)": 0
        },
        "http_req_blocked": {
            "min": 0,
            "med": 0.003664,
            "p(90)": 0.004707,
            "p(95)": 0.005094,
            "p(99)": 0.021472,
            "max": 61.389339,
            "avg": 0.007266752711426563
        },
        "vus_max": {
            "value": 3000,
            "min": 3000,
            "max": 3000
        },
        "iteration_duration": {
            "avg": 470.4929753405152,
            "min": 1.044639,
            "med": 458.395225,
            "p(90)": 829.41776,
            "p(95)": 906.003533,
            "p(99)": 992.9916326000001,
            "max": 1065.680346
        },
        "http_req_duration": {
            "p(95)": 628.109844,
            "p(99)": 658.5589186000001,
            "max": 690.519788,
            "avg": 276.50662156960414,
            "min": -1576.214523,
            "med": 260.830199,
            "p(90)": 589.612863
        },
        "endpoint_employee_with_recipient_duration": {
            "max": 687.33721,
            "avg": 276.92509765844414,
            "min": 0.025037,
            "med": 262.380769,
            "p(90)": 590.11222,
            "p(95)": 627.5485125,
            "p(99)": 659.42843145
        },
        "data_sent": {
            "count": 153222655,
            "rate": 487647.7260056079
        },
        "http_req_sending": {
            "p(95)": 0.032719,
            "p(99)": 0.06591380000000029,
            "max": 12.29201,
            "avg": 0.012124313947524211,
            "min": -1573.746241,
            "med": 0.009434,
            "p(90)": 0.029083
        },
        "http_req_waiting": {
            "avg": 276.4450403500687,
            "min": 0,
            "med": 260.753435,
            "p(90)": 589.545337,
            "p(95)": 628.030454,
            "p(99)": 658.4741192,
            "max": 690.185977
        },
        "data_received": {
            "count": 1699523038,
            "rate": 5408916.486761324
        },
        "http_req_connecting": {
            "p(90)": 0,
            "p(95)": 0,
            "p(99)": 0,
            "max": 61.336077,
            "avg": 0.0031735981849041737,
            "min": 0,
            "med": 0
        },
        "endpoint_order_with_details_duration": {
            "max": 688.408062,
            "avg": 276.44369691551145,
            "min": -313.848178,
            "med": 260.8221515,
            "p(90)": 589.4366713000001,
            "p(95)": 628.0087641499999,
            "p(99)": 658.66213192
        },
        "endpoint_suppliers_duration": {
            "min": 0.026114,
            "med": 264.5580555,
            "p(90)": 590.5533829999999,
            "p(95)": 624.6178515999999,
            "p(99)": 658.0314834200001,
            "max": 688.460054,
            "avg": 278.3042988230775
        },
        "endpoint_orders_with_details_duration": {
            "p(90)": 592.9953824,
            "p(95)": 631.1124328999999,
            "p(99)": 661.16600132,
            "max": 690.519788,
            "avg": 279.1111899534492,
            "min": -546.255989,
            "med": 264.291058
        },
        "http_req_receiving": {
            "p(95)": 0.151855,
            "p(99)": 0.3493646000000001,
            "max": 13.770523,
            "avg": 0.049456905585051496,
            "min": -1576.222505,
            "med": 0.041625,
            "p(90)": 0.089722
        },
        "endpoint_product_with_supplier_duration": {
            "p(90)": 589.5089935000001,
            "p(95)": 627.696806,
            "p(99)": 658.204109,
            "max": 688.102443,
            "avg": 276.48031251841644,
            "min": -1264.678397,
            "med": 260.767588
        },
        "endpoint_customer_by_id_duration": {
            "p(99)": 658.7073114,
            "max": 688.51729,
            "avg": 276.80526602839967,
            "min": -1576.214523,
            "med": 262.147934,
            "p(90)": 589.4791968999999,
            "p(95)": 627.1482055999999
        },
        "endpoint_employees_duration": {
            "min": 0.03961,
            "med": 266.545392,
            "p(90)": 593.483613,
            "p(95)": 632.9225349,
            "p(99)": 658.94973418,
            "max": 688.062873,
            "avg": 279.3414410556379
        },
        "endpoint_products_duration": {
            "med": 262.938438,
            "p(90)": 590.2734124,
            "p(95)": 629.3189367999998,
            "p(99)": 660.9457157799999,
            "max": 687.864816,
            "avg": 277.7778249715637,
            "min": 0.035529
        },
        "http_reqs": {
            "count": 1261421,
            "rate": 4014.609211579841
        },
        "endpoint_customers_duration": {
            "avg": 275.9584484140477,
            "min": 0.160153,
            "med": 258.365729,
            "p(90)": 591.4201078,
            "p(95)": 632.4751758,
            "p(99)": 665.5556574,
            "max": 686.303169
        },
        "http_req_duration{expected_response:true}": {
            "med": 260.830199,
            "p(90)": 589.612863,
            "p(95)": 628.109844,
            "p(99)": 658.5589186000001,
            "max": 690.519788,
            "avg": 276.50662156960414,
            "min": -1576.214523
        },
        "endpoint_order_with_details_and_products_duration": {
            "min": -1575.546359,
            "med": 259.848758,
            "p(90)": 589.5026796,
            "p(95)": 628.4088629999998,
            "p(99)": 658.20883616,
            "max": 688.328332,
            "avg": 276.17940187580723
        },
        "endpoint_supplier_by_id_duration": {
            "med": 260.78810699999997,
            "p(90)": 589.4067994999999,
            "p(95)": 628.0894140999998,
            "p(99)": 658.67008588,
            "max": 687.921772,
            "avg": 276.51199098123885,
            "min": 0.017278
        }
    },
    "root_group": {
        "name": "",
        "path": "",
        "id": "d41d8cd98f00b204e9800998ecf8427e",
        "groups": {},
        "checks": {}
    }
}