{
    "root_group": {
        "groups": {},
        "checks": {},
        "name": "",
        "path": "",
        "id": "d41d8cd98f00b204e9800998ecf8427e"
    },
    "metrics": {
        "endpoint_customer_by_id_duration": {
            "p(90)": 592.907225,
            "p(95)": 632.464423,
            "p(99)": 657.1561866000001,
            "max": 679.845421,
            "avg": 254.35780100895377,
            "min": -1561.377766,
            "med": 214.799762
        },
        "http_req_connecting": {
            "p(95)": 0,
            "p(99)": 0,
            "max": 85.826086,
            "avg": 0.0035746797595020714,
            "min": 0,
            "med": 0,
            "p(90)": 0
        },
        "endpoint_supplier_by_id_duration": {
            "p(99)": 657.9280956,
            "max": 679.666109,
            "avg": 254.83878728851724,
            "min": -1517.070688,
            "med": 214.532998,
            "p(90)": 592.810759,
            "p(95)": 633.864491
        },
        "vus_max": {
            "value": 3000,
            "min": 3000,
            "max": 3000
        },
        "endpoint_products_duration": {
            "max": 676.853272,
            "avg": 253.96314848741295,
            "min": 0.033951,
            "med": 214.571261,
            "p(90)": 592.7869345,
            "p(95)": 633.63108575,
            "p(99)": 657.5967758
        },
        "endpoint_employee_with_recipient_duration": {
            "p(90)": 593.4605114,
            "p(95)": 631.4211753,
            "p(99)": 657.1678255300001,
            "max": 678.735205,
            "avg": 255.9305109123563,
            "min": 0.019437,
            "med": 218.98072200000001
        },
        "http_req_failed": {
            "passes": 0,
            "fails": 1323421,
            "value": 0
        },
        "data_sent": {
            "rate": 511337.925134881,
            "count": 160756185
        },
        "iterations": {
            "count": 1323421,
            "rate": 4209.575813334519
        },
        "endpoint_order_with_details_and_products_duration": {
            "p(95)": 632.5069490999999,
            "p(99)": 657.61224116,
            "max": 680.905838,
            "avg": 254.3452036446886,
            "min": -880.609979,
            "med": 212.906948,
            "p(90)": 592.7541264
        },
        "data_received": {
            "count": 1782433167,
            "rate": 5669614.996806343
        },
        "endpoint_order_with_details_duration": {
            "avg": 254.10698449031287,
            "min": -1367.103945,
            "med": 212.855667,
            "p(90)": 592.6648222,
            "p(95)": 632.7852396000001,
            "p(99)": 657.4335964800001,
            "max": 679.82222
        },
        "endpoint_employees_duration": {
            "min": 0.045039,
            "med": 228.02091,
            "p(90)": 593.672825,
            "p(95)": 631.204279,
            "p(99)": 658.3681884,
            "max": 675.353653,
            "avg": 257.38004426554903
        },
        "http_req_receiving": {
            "avg": 0.05181232235849322,
            "min": -1566.240532,
            "med": 0.037956,
            "p(90)": 0.095326,
            "p(95)": 0.168735,
            "p(99)": 0.39607700000000023,
            "max": 25.021562
        },
        "endpoint_customers_duration": {
            "med": 226.3631075,
            "p(90)": 595.5152856,
            "p(95)": 636.7895338999999,
            "p(99)": 658.9135023299999,
            "max": 678.210201,
            "avg": 260.18578720199287,
            "min": 0.04057
        },
        "http_req_blocked": {
            "p(90)": 0.00485,
            "p(95)": 0.005272,
            "p(99)": 0.023763,
            "max": 85.917821,
            "avg": 0.007932079756177416,
            "min": 0,
            "med": 0.003783
        },
        "vus": {
            "value": 185,
            "min": 30,
            "max": 3000
        },
        "iteration_duration": {
            "p(99)": 1000.4972452000002,
            "max": 1055.47427,
            "avg": 448.51471925781857,
            "min": 1.066965,
            "med": 416.727604,
            "p(90)": 822.180452,
            "p(95)": 900.166527
        },
        "endpoint_suppliers_duration": {
            "p(95)": 629.6174590499998,
            "p(99)": 656.20646817,
            "max": 673.531399,
            "avg": 256.1348665717111,
            "min": 0.028301,
            "med": 223.45608349999998,
            "p(90)": 592.1763482
        },
        "endpoint_product_with_supplier_duration": {
            "p(99)": 657.50440352,
            "max": 679.640246,
            "avg": 254.05439960368616,
            "min": -1563.876589,
            "med": 212.58803899999998,
            "p(90)": 592.5646411,
            "p(95)": 632.79143155
        },
        "http_req_tls_handshaking": {
            "avg": 0,
            "min": 0,
            "med": 0,
            "p(90)": 0,
            "p(95)": 0,
            "p(99)": 0,
            "max": 0
        },
        "http_req_sending": {
            "p(90)": 0.029385,
            "p(95)": 0.033277,
            "p(99)": 0.07664580000000029,
            "max": 22.623453,
            "avg": 0.01291684330156277,
            "min": -1563.686673,
            "med": 0.009617
        },
        "http_req_duration": {
            "p(99)": 657.6123016,
            "max": 681.140947,
            "avg": 254.3566754608698,
            "min": -1566.228348,
            "med": 213.30796,
            "p(90)": 592.79073,
            "p(95)": 632.865633
        },
        "http_req_waiting": {
            "min": 0,
            "med": 213.227546,
            "p(90)": 592.716316,
            "p(95)": 632.791758,
            "p(99)": 657.5280102,
            "max": 681.004224,
            "avg": 254.29194629519492
        },
        "http_req_duration{expected_response:true}": {
            "max": 681.140947,
            "avg": 254.3566754608698,
            "min": -1566.228348,
            "med": 213.30796,
            "p(90)": 592.79073,
            "p(95)": 632.865633,
            "p(99)": 657.6123016
        },
        "endpoint_orders_with_details_duration": {
            "p(90)": 595.4173774,
            "p(95)": 634.7472597999999,
            "p(99)": 660.3685167000001,
            "max": 681.140947,
            "avg": 256.23382361314077,
            "min": -1566.228348,
            "med": 215.11087550000002
        },
        "http_reqs": {
            "count": 1323421,
            "rate": 4209.575813334519
        }
    }
}